{"cameraMode":{"drawMode":0,"name":"Shaded","section":"Shading Mode"},"sceneLighting":true,"audioPlay":false,"sceneViewState":{"m_AlwaysRefresh":false,"showFog":true,"showSkybox":true,"showFlares":true,"showImageEffects":true,"showParticleSystems":true,"showVisualEffectGraphs":true,"m_FxEnabled":true},"in2DMode":false,"pivot":{"x":-2.964902400970459,"y":0.23758172988891602,"z":0.022167181596159936},"rotation":{"x":-0.010809198021888733,"y":-0.005402314011007547,"z":0.00005871035682503134,"w":-0.9999296069145203},"size":4.977890491485596,"orthographic":false}